<?xml version="1.0" encoding="UTF-8"?>
<GenRun Id="synth_1" LaunchPart="xc7a100tcsg324-1" LaunchTime="1760108648">
  <File Type="PA-TCL" Name="top_level.tcl"/>
  <File Type="REPORTS-TCL" Name="top_level_reports.tcl"/>
  <File Type="RDS-RDS" Name="top_level.vds"/>
  <File Type="RDS-UTIL" Name="tb_program_utilization_synth.rpt"/>
  <File Type="RDS-UTIL-PB" Name="tb_program_utilization_synth.pb"/>
  <File Type="RDS-DCP" Name="top_level.dcp"/>
  <FileSet Name="sources" Type="DesignSrcs" RelSrcDir="$PSRCDIR/sources_1" RelGenDir="$PGENDIR/sources_1">
    <Filter Type="Srcs"/>
    <File Path="$PSRCDIR/sources_1/new/adder_32bit.vhd">
      <FileInfo>
        <Attr Name="ImportPath" Val="$PPRDIR/../../Downloads/Lab 4 Pipeline/Lab 4 Pipeline/Lab_3_426-1/Lab_3_426/Lab_3_426/Lab_3_426.srcs/sources_1/new/adder_32bit.vhd"/>
        <Attr Name="ImportTime" Val="1764978016"/>
        <Attr Name="UsedIn" Val="synthesis"/>
        <Attr Name="UsedIn" Val="simulation"/>
      </FileInfo>
    </File>
    <File Path="$PSRCDIR/sources_1/new/alu.vhd">
      <FileInfo>
        <Attr Name="ImportPath" Val="$PPRDIR/../../Downloads/Lab 4 Pipeline/Lab 4 Pipeline/Lab_3_426-1/Lab_3_426/Lab_3_426/Lab_3_426.srcs/sources_1/new/alu.vhd"/>
        <Attr Name="ImportTime" Val="1764978016"/>
        <Attr Name="UsedIn" Val="synthesis"/>
        <Attr Name="UsedIn" Val="simulation"/>
      </FileInfo>
    </File>
    <File Path="$PSRCDIR/sources_1/new/full_adder.vhd">
      <FileInfo>
        <Attr Name="ImportPath" Val="$PPRDIR/../../Downloads/Lab 4 Pipeline/Lab 4 Pipeline/Lab_3_426-1/Lab_3_426/Lab_3_426/Lab_3_426.srcs/sources_1/new/full_adder.vhd"/>
        <Attr Name="ImportTime" Val="1764978016"/>
        <Attr Name="UsedIn" Val="synthesis"/>
        <Attr Name="UsedIn" Val="simulation"/>
      </FileInfo>
    </File>
    <File Path="$PSRCDIR/sources_1/new/register_file.vhd">
      <FileInfo>
        <Attr Name="ImportPath" Val="$PPRDIR/../../Downloads/Lab 4 Pipeline/Lab 4 Pipeline/Lab_3_426-1/Lab_3_426/Lab_3_426/Lab_3_426.srcs/sources_1/new/register_file.vhd"/>
        <Attr Name="ImportTime" Val="1764995906"/>
        <Attr Name="UsedIn" Val="synthesis"/>
        <Attr Name="UsedIn" Val="simulation"/>
      </FileInfo>
    </File>
    <File Path="$PPRDIR/../../Downloads/Lab 4 Pipeline/Lab 4 Pipeline/Lab_3_426-1/Lab_3_426/Lab_3_426/Lab_3_426.srcs/sources_1/new/top_level.vhd">
      <FileInfo>
        <Attr Name="UsedIn" Val="synthesis"/>
        <Attr Name="UsedIn" Val="simulation"/>
      </FileInfo>
    </File>
    <File Path="$PPRDIR/../../Downloads/Lab 4 Pipeline/Lab 4 Pipeline/Lab_3_426-1/Downloads/Uni Stuff/426/Lab3-1/top_level_tb.vhdl">
      <FileInfo>
        <Attr Name="AutoDisabled" Val="1"/>
        <Attr Name="UsedIn" Val="synthesis"/>
        <Attr Name="UsedIn" Val="simulation"/>
      </FileInfo>
    </File>
    <File Path="$PPRDIR/../../Downloads/Lab 4 Pipeline/Lab 4 Pipeline/Lab_3_426-1/Lab_3_426/Lab_3_426/Lab_3_426.srcs/sources_1/new/register_file_tb.vhd">
      <FileInfo>
        <Attr Name="AutoDisabled" Val="1"/>
        <Attr Name="UsedIn" Val="synthesis"/>
        <Attr Name="UsedIn" Val="simulation"/>
      </FileInfo>
    </File>
    <File Path="$PPRDIR/../../Downloads/Lab 4 Pipeline/Lab 4 Pipeline/Lab_3_426-1/Lab_3_426/Lab_3_426/Lab_3_426.srcs/sources_1/new/alu_tb.vhd">
      <FileInfo>
        <Attr Name="AutoDisabled" Val="1"/>
        <Attr Name="UsedIn" Val="synthesis"/>
        <Attr Name="UsedIn" Val="simulation"/>
      </FileInfo>
    </File>
    <File Path="$PPRDIR/../../Downloads/Lab 4 Pipeline/Lab 4 Pipeline/Lab_3_426-1/Lab_3_426/Lab_3_426/Lab_3_426.srcs/sources_1/new/full_adder_tb.vhd">
      <FileInfo>
        <Attr Name="UserDisabled" Val="1"/>
        <Attr Name="UsedIn" Val="synthesis"/>
        <Attr Name="UsedIn" Val="simulation"/>
      </FileInfo>
    </File>
    <File Path="$PPRDIR/../../Downloads/Lab 4 Pipeline/Lab 4 Pipeline/Lab_3_426-1/Lab_3_426/Lab_3_426/Lab_3_426.srcs/sources_1/new/adder_32bit_tb.vhd">
      <FileInfo>
        <Attr Name="UserDisabled" Val="1"/>
        <Attr Name="UsedIn" Val="synthesis"/>
        <Attr Name="UsedIn" Val="simulation"/>
      </FileInfo>
    </File>
    <Config>
      <Option Name="DesignMode" Val="RTL"/>
      <Option Name="TopModule" Val="top_level"/>
    </Config>
  </FileSet>
  <FileSet Name="constrs_in" Type="Constrs" RelSrcDir="$PSRCDIR/constrs_1">
    <Filter Type="Constrs"/>
    <Config>
      <Option Name="ConstrsType" Val="XDC"/>
    </Config>
  </FileSet>
  <FileSet Name="utils" Type="Utils" RelSrcDir="$PSRCDIR/utils_1">
    <Filter Type="Utils"/>
    <Config>
      <Option Name="TopAutoSet" Val="TRUE"/>
    </Config>
  </FileSet>
  <Strategy Version="1" Minor="2">
    <StratHandle Name="Vivado Synthesis Defaults" Flow="Vivado Synthesis 2020"/>
    <Step Id="synth_design"/>
  </Strategy>
</GenRun>
